frame_idx,sim_time,actor_id,type_id,x,y,z,vx,vy,vz,dist_to_ego
1,19.280803877860308,148,vehicle.audi.tt,234.51251220703125,-364.1571044921875,0.404380738735199,0.0,0.0,-1.3276110887527466,9.199677467346191
2,19.323238875716925,148,vehicle.audi.tt,234.51251220703125,-364.1571044921875,0.3374549448490143,0.0,0.0,-1.7434742450714111,9.200058937072754
3,19.36803937703371,148,vehicle.audi.tt,234.51251220703125,-364.1571044921875,0.2475130409002304,0.0,0.0,-2.1825194358825684,9.200551986694336
4,19.438883375376463,148,vehicle.audi.tt,234.51251220703125,-364.1571044921875,0.0652245283126831,0.0,0.0,-2.8767902851104736,9.19953727722168
5,19.474304378032684,148,vehicle.audi.tt,234.51251220703125,-364.1571044921875,-0.010602951049804688,4.888692228810498e-10,-2.517053587780538e-07,-1.674957513809204,9.199081420898438
6,19.523114375770092,148,vehicle.audi.tt,234.51251220703125,-364.1571044921875,-0.05857650563120842,3.2829596818828577e-09,-3.850833252272423e-08,-0.587201714515686,9.198986053466797
7,19.579010475426912,148,vehicle.audi.tt,234.51251220703125,-364.1571044921875,-0.07146017253398895,4.223562388716573e-09,2.644217715896957e-07,-0.04014462232589722,9.199012756347656
8,19.622556775808334,148,vehicle.audi.tt,234.51251220703125,-364.1571044921875,-0.06811748445034027,-9.839660641830505e-09,3.069936269639584e-07,0.13767778873443604,9.199027061462402
9,19.67332187667489,148,vehicle.audi.tt,234.51251220703125,-364.1571044921875,-0.0587788000702858,-1.0328649047153249e-08,1.996281469018868e-07,0.20429618656635284,9.196540832519531
10,19.741578977555037,148,vehicle.audi.tt,234.51251220703125,-364.1571044921875,-0.044956281781196594,2.2197013116453945e-09,1.3652855557211296e-07,0.19163638353347778,9.134552001953125
11,19.782109774649143,148,vehicle.audi.tt,234.51612854003906,-364.1571044921875,-0.03787177801132202,0.22738593816757202,-0.0012279580114409328,0.16507095098495483,9.068506240844727
12,19.819528978317976,148,vehicle.audi.tt,234.53419494628906,-364.15716552734375,-0.03243785724043846,0.6151329874992371,-0.0033046151511371136,0.1384882628917694,9.006322860717773
13,19.877375777810812,148,vehicle.audi.tt,234.58433532714844,-364.1575622558594,-0.025950279086828232,1.0199331045150757,-0.00601549306884408,0.10067630559206009,8.907748222351074
14,19.968389876186848,148,vehicle.audi.tt,234.6901092529297,-364.15826416015625,-0.01860664412379265,1.1813803911209106,-0.007462870329618454,0.0577305406332016,8.744048118591309
15,19.983609475195408,148,vehicle.audi.tt,234.7088623046875,-364.1584167480469,-0.017816733568906784,1.214495062828064,-0.007696980610489845,0.04920806735754013,8.716658592224121
16,20.043854378163815,148,vehicle.audi.tt,234.78456115722656,-364.1589660644531,-0.015405349433422089,1.295962929725647,-0.006838671397417784,0.03140837699174881,8.613906860351562
17,20.080617778003216,148,vehicle.audi.tt,234.83065795898438,-364.1591796875,-0.014383086934685707,1.300365924835205,-0.006426537875086069,0.023396853357553482,8.556289672851562
18,20.122773177921772,148,vehicle.audi.tt,234.88583374023438,-364.15948486328125,-0.013548125512897968,1.3349339962005615,-0.007105338387191296,0.0165348332375288,8.498336791992188
19,20.186968877911568,148,vehicle.audi.tt,234.99099731445312,-364.1599426269531,-0.012821654789149761,1.8045583963394165,-0.009711068123579025,0.010231933556497097,8.444489479064941
20,20.218746777623892,148,vehicle.audi.tt,235.05113220214844,-364.1600646972656,-0.012597770430147648,1.956367015838623,-0.0100191505625844,0.007911347784101963,8.431870460510254
21,20.274970676749945,148,vehicle.audi.tt,235.16632080078125,-364.16058349609375,-0.01227771770209074,2.0861716270446777,-0.012133657932281494,0.0053465841338038445,8.428285598754883
22,20.332232177257538,148,vehicle.audi.tt,235.30886840820312,-364.1615295410156,-0.01216354314237833,2.621408700942993,-0.014379431493580341,0.003457298269495368,8.484149932861328
23,20.37669987604022,148,vehicle.audi.tt,235.43212890625,-364.16204833984375,-0.01208446454256773,2.8218164443969727,-0.009976567700505257,0.0024412344209849834,8.593236923217773
24,20.421621676534414,148,vehicle.audi.tt,235.57159423828125,-364.16241455078125,-0.012055663391947746,3.1861393451690674,-0.01584682986140251,0.001707806601189077,8.732778549194336
25,20.486253477633,148,vehicle.audi.tt,235.78372192382812,-364.1632080078125,-0.01192676555365324,3.3196401596069336,-0.019272129982709885,0.0011082076234743,8.944770812988281
26,20.518509674817324,148,vehicle.audi.tt,235.89942932128906,-364.1639099121094,-0.01192501001060009,3.702216386795044,-0.021427493542432785,0.0008416318451054394,9.06038761138916
27,20.578201077878475,148,vehicle.audi.tt,236.12771606445312,-364.16534423828125,-0.011904029175639153,4.005439758300781,-0.021639401093125343,0.0005406522541306913,9.288540840148926
28,20.62857297807932,148,vehicle.audi.tt,236.3338623046875,-364.1663513183594,-0.01187644898891449,4.252800941467285,-0.021493036299943924,0.00038238524575717747,9.49458122253418
29,20.670889977365732,148,vehicle.audi.tt,236.51785278320312,-364.16741943359375,-0.011869658716022968,4.479946136474609,-0.022706229239702225,0.0002686071384232491,9.678513526916504
30,20.72966357693076,148,vehicle.audi.tt,236.79446411132812,-364.1688232421875,-0.011892546899616718,4.777010440826416,-0.023738088086247444,0.00018035888206213713,9.95505142211914
31,20.768407177180052,148,vehicle.audi.tt,236.9861602783203,-364.1697998046875,-0.011885452084243298,5.044938087463379,-0.02506658248603344,0.00012932777462992817,10.146735191345215
32,20.830631878226995,148,vehicle.audi.tt,237.32073974609375,-364.1715087890625,-0.011953772976994514,5.555907249450684,-0.03017297014594078,8.388519199797884e-05,10.481302261352539
33,20.868221774697304,148,vehicle.audi.tt,237.5350799560547,-364.1728515625,-0.01196849811822176,5.79742431640625,-0.031201809644699097,5.85174529987853e-05,10.69563102722168
34,20.928770676255226,148,vehicle.audi.tt,237.8977508544922,-364.174560546875,-0.01195247657597065,6.093128681182861,-0.02964879758656025,4.103660467080772e-05,11.05827522277832
35,20.96816987544298,148,vehicle.audi.tt,238.14218139648438,-364.17572021484375,-0.01191635150462389,6.261794090270996,-0.03244219720363617,3.109932004008442e-05,11.302693367004395
36,21.032565478235483,148,vehicle.audi.tt,238.55960083007812,-364.1779479980469,-0.011875418946146965,6.595032215118408,-0.03735644742846489,2.1162031771382317e-05,11.720102310180664
37,21.068286076188087,148,vehicle.audi.tt,238.79364013671875,-364.1792907714844,-0.011797561310231686,6.543313980102539,-0.035434551537036896,1.7108917745645158e-05,11.952847480773926
38,21.1268362775445,148,vehicle.audi.tt,239.17726135253906,-364.1813049316406,-0.011637382209300995,6.573358535766602,-0.034740667790174484,1.5382765923277475e-05,12.327792167663574
39,21.17680737748742,148,vehicle.audi.tt,239.52191162109375,-364.1831970214844,-0.011702346615493298,7.214968681335449,-0.03794610872864723,8.339881787833292e-06,12.654685974121094
40,21.22990047559142,148,vehicle.audi.tt,239.92596435546875,-364.185302734375,-0.01193031296133995,7.861697196960449,-0.04127217084169388,-1.8882750509874313e-06,13.026257514953613
41,21.28029777482152,148,vehicle.audi.tt,240.3364715576172,-364.18743896484375,-0.012075004167854786,8.338171005249023,-0.04245719313621521,-2.1982193629810354e-06,13.393495559692383
42,21.333596475422382,148,vehicle.audi.tt,240.79373168945312,-364.18988037109375,-0.012135429307818413,8.72873306274414,-0.04481678828597069,-1.7929077102962765e-06,13.789451599121094
43,21.3687445782125,148,vehicle.audi.tt,241.1042938232422,-364.1915588378906,-0.01211906410753727,8.895544052124023,-0.04563875496387482,-3.337860107421875e-06,14.050121307373047
44,21.419564478099346,148,vehicle.audi.tt,241.559326171875,-364.19390869140625,-0.0120117561891675,8.968390464782715,-0.04730388522148132,3.981589998147683e-06,14.419816970825195
45,21.472542576491833,148,vehicle.audi.tt,242.03077697753906,-364.196044921875,-0.011791953817009926,8.831148147583008,-0.030935948714613914,6.570815912709804e-06,14.785284042358398
46,21.536017075181007,148,vehicle.audi.tt,242.5793914794922,-364.19775390625,-0.011457481421530247,8.487115859985352,-0.017627255991101265,7.82012921263231e-06,15.186988830566406
47,21.567561276257038,148,vehicle.audi.tt,242.84390258789062,-364.1983947753906,-0.011303328908979893,8.301958084106445,-0.015632182359695435,3.4236907140439143e-06,15.36942195892334
48,21.622082974761724,148,vehicle.audi.tt,243.2869873046875,-364.1994323730469,-0.011070136912167072,8.008049964904785,-0.013914361596107483,2.3412703740177676e-06,15.655783653259277
49,21.67209967598319,148,vehicle.audi.tt,243.6796417236328,-364.2003479003906,-0.010922317393124104,7.785696983337402,-0.013332661241292953,1.997947720155935e-06,15.888891220092773
50,21.725235477089882,148,vehicle.audi.tt,244.0863494873047,-364.20123291015625,-0.010841293260455132,7.572102069854736,-0.013653721660375595,1.1968612625423702e-06,16.1103572845459
51,21.768007576465607,148,vehicle.audi.tt,244.4082794189453,-364.2020263671875,-0.010823249816894531,7.504112243652344,-0.016977420076727867,-5.054473604104714e-07,16.271474838256836
52,21.827914875000715,148,vehicle.audi.tt,244.8544921875,-364.2031555175781,-0.010850257240235806,7.450223922729492,-0.017925377935171127,2.9611587706313003e-06,16.475515365600586
53,21.880314774811268,148,vehicle.audi.tt,245.2447052001953,-364.2041015625,-0.010917816311120987,7.484724521636963,-0.017597302794456482,1.8692015828492003e-06,16.637592315673828
54,21.919686775654554,148,vehicle.audi.tt,245.5408172607422,-364.2048034667969,-0.010991324670612812,7.541121006011963,-0.017554568126797676,7.677078315282415e-07,16.752506256103516
55,21.98167747631669,148,vehicle.audi.tt,246.01597595214844,-364.2059020996094,-0.01112800557166338,7.752320289611816,-0.01789870671927929,1.23977656585339e-06,16.925233840942383
56,22.02105227485299,148,vehicle.audi.tt,246.3246307373047,-364.20660400390625,-0.011216506361961365,7.890857219696045,-0.018170064315199852,5.054473604104714e-07,17.03117561340332
57,22.073122777044773,148,vehicle.audi.tt,246.7445068359375,-364.2076110839844,-0.011343726888298988,8.176406860351562,-0.01879044435918331,9.441375254937157e-07,17.171083450317383
58,22.119966376572847,148,vehicle.audi.tt,247.13311767578125,-364.20855712890625,-0.011438827030360699,8.394192695617676,-0.019276143983006477,2.193450825416221e-07,17.300874710083008
59,22.171924278140068,148,vehicle.audi.tt,247.57337951660156,-364.20947265625,-0.01149219460785389,8.540855407714844,-0.019606251269578934,-4.1961669694501325e-07,17.447919845581055
60,22.23159557580948,148,vehicle.audi.tt,248.08624267578125,-364.2105712890625,-0.011488188989460468,8.606678009033203,-0.01975412108004093,-2.19345088225964e-06,17.610654830932617
61,22.269547674804926,148,vehicle.audi.tt,248.41319274902344,-364.2113342285156,-0.01144767738878727,8.605749130249023,-0.01975107379257679,-1.9359588350198464e-06,17.706279754638672
62,22.325210478156805,148,vehicle.audi.tt,248.8871612548828,-364.21234130859375,-0.011325988918542862,8.428536415100098,-0.019343949854373932,-1.7738342421580455e-06,17.82256317138672
63,22.373388174921274,148,vehicle.audi.tt,249.28868103027344,-364.21331787109375,-0.011197814717888832,8.252141952514648,-0.01893908903002739,-1.4162063735057018e-06,17.8999080657959
64,22.419772274792194,148,vehicle.audi.tt,249.66574096679688,-364.2121887207031,-0.011071357876062393,8.044279098510742,0.06817792356014252,-8.678435960973729e-07,17.951061248779297
65,22.470813177525997,148,vehicle.audi.tt,250.0718231201172,-364.20819091796875,-0.010974845848977566,7.892365455627441,0.12172649055719376,-1.3160705520931515e-06,17.985681533813477
66,22.523171976208687,148,vehicle.audi.tt,250.47958374023438,-364.2026062011719,-0.010910949669778347,7.710844039916992,0.14730243384838104,1.0204314548900584e-06,17.995943069458008
67,22.577100574970245,148,vehicle.audi.tt,250.89259338378906,-364.1958923339844,-0.01088718418031931,7.626827239990234,0.15854565799236298,-8.583068478174027e-08,17.98296546936035
68,22.622031677514315,148,vehicle.audi.tt,251.2324981689453,-364.1900939941406,-0.010889053344726562,7.526599407196045,0.15041117370128632,-1.4209747405402595e-06,17.956003189086914
69,22.683207876980305,148,vehicle.audi.tt,251.6947479248047,-364.18182373046875,-0.010947151109576225,7.600143909454346,0.15401071310043335,4.1961669694501325e-07,17.905324935913086
70,22.728344477713108,148,vehicle.audi.tt,252.03854370117188,-364.1754455566406,-0.011016234755516052,7.636373519897461,0.15670566260814667,1.592636067471176e-06,17.861446380615234
71,22.76661877706647,148,vehicle.audi.tt,252.3347625732422,-364.1699523925781,-0.011097297072410583,7.791509628295898,0.15259549021720886,1.8119811784345075e-06,17.82503318786621
72,22.826518077403307,148,vehicle.audi.tt,252.8103485107422,-364.1612548828125,-0.011241301894187927,8.00739860534668,0.14899854362010956,6.103515488575795e-07,17.77817153930664
73,22.877518877387047,148,vehicle.audi.tt,253.22657775878906,-364.15374755859375,-0.011347541585564613,8.271027565002441,0.14977240562438965,-2.098083541568485e-06,17.7543888092041
74,22.924580577760935,148,vehicle.audi.tt,253.62127685546875,-364.1467590332031,-0.011433372274041176,8.430591583251953,0.1474635899066925,-1.9168853668816155e-06,17.750444412231445
75,22.976141776889563,148,vehicle.audi.tt,254.06076049804688,-364.1390075683594,-0.011468887329101562,8.572277069091797,0.1481035202741623,8.058547678047034e-07,17.762222290039062
76,23.01715987548232,148,vehicle.audi.tt,254.41204833984375,-364.1312561035156,-0.011445350013673306,8.543889045715332,0.2517349421977997,7.629394360719743e-08,17.780305862426758
77,23.067213878035545,148,vehicle.audi.tt,254.8369598388672,-364.11724853515625,-0.011355552822351456,8.434088706970215,0.34481731057167053,1.8596648487800849e-07,17.805265426635742
78,23.11836387589574,148,vehicle.audi.tt,255.26278686523438,-364.10076904296875,-0.01122486125677824,8.267354965209961,0.38192373514175415,-9.250640573554847e-07,17.82927131652832
79,23.179902374744415,148,vehicle.audi.tt,255.76235961914062,-364.0795593261719,-0.011075897142291069,8.006023406982422,0.3937690556049347,2.7656554379973386e-07,17.85224151611328
80,23.216977275907993,148,vehicle.audi.tt,256.05682373046875,-364.06597900390625,-0.011005439795553684,7.8931498527526855,0.4080415964126587,1.983642505365424e-06,17.86088752746582
81,23.26894947513938,148,vehicle.audi.tt,256.4613037109375,-364.0466003417969,-0.010928687639534473,7.702995300292969,0.40460819005966187,8.964538551481382e-07,17.862314224243164
82,23.319148875772953,148,vehicle.audi.tt,256.8453063964844,-364.02783203125,-0.010895194485783577,7.603838920593262,0.38905730843544006,1.0871887070607045e-06,17.852867126464844
83,23.37127387523651,148,vehicle.audi.tt,257.2387390136719,-364.0090026855469,-0.010891837999224663,7.53640079498291,0.36826291680336,1.697540255918284e-06,17.828981399536133
84,23.422605376690626,148,vehicle.audi.tt,257.6248779296875,-363.99066162109375,-0.010930556803941727,7.525241374969482,0.35995906591415405,-1.76429750808893e-07,17.795576095581055
85,23.472530975937843,148,vehicle.audi.tt,258.00299072265625,-363.9728698730469,-0.011001967824995518,7.590550899505615,0.3582606017589569,7.05719003235572e-07,17.75816535949707
86,23.53067997470498,148,vehicle.audi.tt,258.4512939453125,-363.9517517089844,-0.011119003407657146,7.788756370544434,0.36608028411865234,2.0122527075727703e-06,17.717573165893555
87,23.566673275083303,148,vehicle.audi.tt,258.734130859375,-363.9383544921875,-0.011194305494427681,7.9111809730529785,0.38266390562057495,2.1457672119140625e-06,17.69744110107422
88,23.62487407773733,148,vehicle.audi.tt,259.2037353515625,-363.91058349609375,-0.011327247135341167,8.171178817749023,0.5758097767829895,1.7166136956348055e-07,17.6793155670166
89,23.674215875566006,148,vehicle.audi.tt,259.6125793457031,-363.8824157714844,-0.011415367014706135,8.37100887298584,0.6465988755226135,8.630752290628152e-07,17.680078506469727
90,23.72723227739334,148,vehicle.audi.tt,260.0620422363281,-363.8496398925781,-0.011473732069134712,8.507119178771973,0.6742924451828003,-2.5367735361214727e-06,17.699453353881836
91,23.779902078211308,148,vehicle.audi.tt,260.5124206542969,-363.8154296875,-0.011458625085651875,8.556276321411133,0.6950685977935791,-2.689361508600996e-06,17.730133056640625
92,23.83334817737341,148,vehicle.audi.tt,260.96630859375,-363.7801513671875,-0.011364936828613281,8.41821575164795,0.6911303400993347,7.915496667010302e-07,17.7652530670166
93,23.86770187690854,148,vehicle.audi.tt,261.2535705566406,-363.75738525390625,-0.011278418824076653,8.295902252197266,0.6840795278549194,2.0027160019253643e-07,17.786476135253906
94,23.921876076608896,148,vehicle.audi.tt,261.6969299316406,-363.72186279296875,-0.01113151479512453,8.103477478027344,0.6674344539642334,2.2697447548125638e-06,17.81212043762207
95,23.970943175256252,148,vehicle.audi.tt,262.08892822265625,-363.6904602050781,-0.01102603878825903,7.943850517272949,0.6478492021560669,1.0299681889591739e-06,17.825847625732422
96,24.02992717549205,148,vehicle.audi.tt,262.55059814453125,-363.6533508300781,-0.010945472866296768,7.7393693923950195,0.6274680495262146,5.531310875994677e-07,17.828039169311523
97,24.06635147705674,148,vehicle.audi.tt,262.8314208984375,-363.6307373046875,-0.010921134613454342,7.686030864715576,0.6225672364234924,3.8623809928139963e-07,17.821956634521484
98,24.122011177241802,148,vehicle.audi.tt,263.2555847167969,-363.5967102050781,-0.010910606011748314,7.56394624710083,0.6077671647071838,1.220703097715159e-06,17.801982879638672
99,24.167974576354027,148,vehicle.audi.tt,263.6034851074219,-363.56634521484375,-0.010931815952062607,7.55476188659668,0.734648585319519,1.2493132999225054e-06,17.782068252563477
100,24.219936277717352,148,vehicle.audi.tt,263.9969787597656,-363.5276184082031,-0.010983962565660477,7.569376468658447,0.8055387735366821,1.0490417707842425e-06,17.763700485229492
101,24.280372876673937,148,vehicle.audi.tt,264.46044921875,-363.47894287109375,-0.01108703576028347,7.7418999671936035,0.8873474597930908,1.2779235021298518e-06,17.7590274810791
102,24.31829997524619,148,vehicle.audi.tt,264.7569580078125,-363.44647216796875,-0.011166419833898544,7.855936050415039,0.91505366563797,-2.317428425158141e-06,17.769140243530273
103,24.373984176665545,148,vehicle.audi.tt,265.2037353515625,-363.3965148925781,-0.01129787415266037,8.121901512145996,0.9511504173278809,-2.288818308215923e-07,17.805633544921875
104,24.41916337609291,148,vehicle.audi.tt,265.5751037597656,-363.3543701171875,-0.01138099655508995,8.306941032409668,0.9783899188041687,-1.668930025289228e-07,17.850727081298828
105,24.47209807485342,148,vehicle.audi.tt,266.0195007324219,-363.30377197265625,-0.011442260816693306,8.444706916809082,0.98358553647995,-1.7976760773308342e-06,17.917409896850586
106,24.526050675660372,148,vehicle.audi.tt,266.4776306152344,-363.2513122558594,-0.011442108079791069,8.486159324645996,0.9884101748466492,5.7220457705398076e-08,17.989593505859375
107,24.5708641782403,148,vehicle.audi.tt,266.8572692871094,-363.2076110839844,-0.011387175880372524,8.438651084899902,0.9839906096458435,5.81741346650233e-07,18.044292449951172
108,24.620323475450277,148,vehicle.audi.tt,267.2711181640625,-363.1597900390625,-0.011283035390079021,8.285676956176758,0.9719966650009155,9.059905892172537e-08,18.093154907226562
109,24.677177775651217,148,vehicle.audi.tt,267.7353210449219,-363.1014099121094,-0.01113918237388134,8.076094627380371,1.1053448915481567,-1.5163420812314143e-06,18.126760482788086
110,24.725240476429462,148,vehicle.audi.tt,268.1174621582031,-363.04974365234375,-0.011031265370547771,7.868837833404541,1.1283636093139648,-1.3685225894732866e-06,18.134119033813477
111,24.775949377566576,148,vehicle.audi.tt,268.5120544433594,-362.9948425292969,-0.010949897579848766,7.693793296813965,1.1189357042312622,-1.1444091114753974e-06,18.119247436523438
112,24.81897097826004,148,vehicle.audi.tt,268.84130859375,-362.94818115234375,-0.01091285701841116,7.6162848472595215,1.1281051635742188,1.0490417707842425e-06,18.091833114624023
113,24.880885776132345,148,vehicle.audi.tt,269.308837890625,-362.8810119628906,-0.010904083028435707,7.49640417098999,1.1143686771392822,-7.438659395120339e-07,18.036142349243164
114,24.930950075387955,148,vehicle.audi.tt,269.68658447265625,-362.8257751464844,-0.010952720418572426,7.5766282081604,1.1366995573043823,4.5299529460862686e-07,17.986894607543945
115,24.97938847541809,148,vehicle.audi.tt,270.0559997558594,-362.7712097167969,-0.011035804636776447,7.674584865570068,1.1584240198135376,1.2969970839549205e-06,17.943937301635742
116,25.034629676491022,148,vehicle.audi.tt,270.4853515625,-362.7076110839844,-0.011152267456054688,7.827497482299805,1.171256184577942,1.3351440202313825e-06,17.90943145751953
117,25.075682777911425,148,vehicle.audi.tt,270.81072998046875,-362.6595153808594,-0.011233138851821423,7.995617389678955,1.1881192922592163,1.7404555592293036e-06,17.89631462097168
118,25.13205637782812,148,vehicle.audi.tt,271.2685852050781,-362.5919189453125,-0.011345100589096546,8.2080659866333,1.2138323783874512,1.9073485191256623e-07,17.898916244506836
119,25.17363567650318,148,vehicle.audi.tt,271.61383056640625,-362.5409240722656,-0.011404418386518955,8.36047649383545,1.233673334121704,6.19888282926695e-08,17.91524887084961
120,25.227486677467823,148,vehicle.audi.tt,272.0675354003906,-362.47412109375,-0.011437720619142056,8.45788860321045,1.2435349225997925,-2.0885468074993696e-06,17.95093536376953
121,25.267358478158712,148,vehicle.audi.tt,272.4046936035156,-362.4217224121094,-0.011417465284466743,8.438190460205078,1.3853886127471924,-1.7118453570219572e-06,17.983524322509766
122,25.31714027747512,148,vehicle.audi.tt,272.8214416503906,-362.3522033691406,-0.011335411109030247,8.303263664245605,1.4603811502456665,-1.2350081988188322e-06,18.02342987060547
123,25.373425476253033,148,vehicle.audi.tt,273.2829895019531,-362.2721252441406,-0.011197852902114391,8.08799934387207,1.4737038612365723,-2.1076202756376006e-06,18.060632705688477
124,25.43067467585206,148,vehicle.audi.tt,273.73992919921875,-362.19049072265625,-0.011063002981245518,7.905158042907715,1.4813618659973145,-1.0204314548900584e-06,18.080127716064453
125,25.475667376071215,148,vehicle.audi.tt,274.0905456542969,-362.1267395019531,-0.010980948805809021,7.72220516204834,1.4488117694854736,1.5830993334020604e-06,18.080251693725586
126,25.523787178099155,148,vehicle.audi.tt,274.4588928222656,-362.05963134765625,-0.010924605652689934,7.587616920471191,1.403351068496704,3.037452643184224e-06,18.063549041748047
127,25.58092077821493,148,vehicle.audi.tt,274.88970947265625,-361.9812316894531,-0.01090110745280981,7.47351598739624,1.3791717290878296,1.3732909565078444e-06,18.026506423950195
128,25.6258533783257,148,vehicle.audi.tt,275.2261657714844,-361.9200439453125,-0.010917816311120987,7.469293594360352,1.3635571002960205,3.0279159091151087e-06,17.989368438720703
129,25.67254077643156,148,vehicle.audi.tt,275.5715637207031,-361.85736083984375,-0.010918197222054005,7.312595844268799,1.3310514688491821,1.5830993334020604e-06,17.9421329498291
130,25.71812367811799,148,vehicle.audi.tt,275.90118408203125,-361.7975769042969,-0.010880965739488602,7.1170654296875,1.294927954673767,5.435943535303522e-07,17.88804054260254
131,25.777527075260878,148,vehicle.audi.tt,276.3155822753906,-361.72222900390625,-0.010802840813994408,6.826614856719971,1.242477297782898,-1.783370976227161e-06,17.805999755859375
132,25.81740177795291,148,vehicle.audi.tt,276.5833740234375,-361.6734924316406,-0.010748214088380337,6.67058801651001,1.2144428491592407,-2.0980834847250662e-07,17.745948791503906
133,25.86817467585206,148,vehicle.audi.tt,276.9124450683594,-361.6136169433594,-0.010686530731618404,6.346845626831055,1.155822992324829,-1.2302398317842744e-06,17.666669845581055
134,25.928258076310158,148,vehicle.audi.tt,277.2839050292969,-361.5459289550781,-0.010628623887896538,6.023040771484375,1.09707772731781,-6.484985419774603e-07,17.570478439331055
135,25.97960487753153,148,vehicle.audi.tt,277.5876770019531,-361.4905700683594,-0.010606269352138042,5.799659252166748,1.0564780235290527,-5.722045557376987e-07,17.488140106201172
136,26.029039077460766,148,vehicle.audi.tt,277.8708190917969,-361.43902587890625,-0.010617141611874104,5.69185209274292,1.036889672279358,-1.430511474609375e-06,17.411653518676758
137,26.07857297733426,148,vehicle.audi.tt,278.1367492675781,-361.39056396484375,-0.01053848210722208,5.081180572509766,0.9256616234779358,-1.6021728015402914e-06,17.3294677734375
138,26.1277385763824,148,vehicle.audi.tt,278.3672790527344,-361.3485412597656,-0.010338363237679005,4.408108711242676,0.8030522465705872,-3.585815420592553e-06,17.2257080078125
139,26.166447278112173,148,vehicle.audi.tt,278.53131103515625,-361.3186950683594,-0.010243834927678108,4.146957874298096,0.75538569688797,-3.4904478525277227e-06,17.134613037109375
140,26.21630607545376,148,vehicle.audi.tt,278.69891357421875,-361.2882995605469,-0.009917297400534153,2.784471035003662,0.5065650939941406,-1.2850760867877398e-05,16.979825973510742
141,26.280249375849962,148,vehicle.audi.tt,278.8138122558594,-361.267578125,-0.009324226528406143,1.045106291770935,0.189516082406044,-2.7551650418899953e-05,16.685720443725586
142,26.330530375242233,148,vehicle.audi.tt,278.8298645019531,-361.26470947265625,-0.009121665731072426,0.0004291057412046939,6.3531097111990675e-06,-0.002312779426574707,16.378883361816406
143,26.38245627656579,148,vehicle.audi.tt,278.8299865722656,-361.26470947265625,-0.009339218027889729,-0.00048202223842963576,-2.939719706773758e-06,-0.0012522601755335927,16.039430618286133
144,26.43533407524228,148,vehicle.audi.tt,278.8318786621094,-361.2643127441406,-0.009797477163374424,0.14257679879665375,0.03277537599205971,-0.0002452373446431011,15.687790870666504
145,26.47096297517419,148,vehicle.audi.tt,278.8422546386719,-361.26202392578125,-0.010102652944624424,0.35815951228141785,0.0832444280385971,0.0018099689623340964,15.45384407043457
146,26.533522576093674,148,vehicle.audi.tt,278.8760681152344,-361.2547912597656,-0.010681305080652237,0.6729050874710083,0.15505245327949524,-0.000436086644185707,15.04533576965332
147,26.573814377188683,148,vehicle.audi.tt,278.90777587890625,-361.2478332519531,-0.010918731801211834,0.8562079668045044,0.1990446299314499,0.0005745792295783758,14.784159660339355
148,26.62782047688961,148,vehicle.audi.tt,278.9609069824219,-361.23583984375,-0.011157989501953125,1.1125149726867676,0.25634559988975525,0.005733232479542494,14.433055877685547
149,26.6793810762465,148,vehicle.audi.tt,279.0207824707031,-361.2232360839844,-0.011156768538057804,1.1491068601608276,0.26338621973991394,0.0020461033564060926,14.098722457885742
150,26.724548675119877,148,vehicle.audi.tt,279.0749206542969,-361.2113342285156,-0.011156120337545872,1.2244818210601807,0.2909451127052307,0.0006534099229611456,13.806973457336426
151,26.778244376182556,148,vehicle.audi.tt,279.1408386230469,-361.19635009765625,-0.011161613278090954,1.1618266105651855,0.26985159516334534,-7.061957876430824e-05,13.46685791015625
152,26.821246076375246,148,vehicle.audi.tt,279.1975402832031,-361.18389892578125,-0.011200561188161373,1.3820832967758179,0.3236585259437561,-0.00027009964105673134,13.204591751098633
153,26.87488717585802,148,vehicle.audi.tt,279.27099609375,-361.1674499511719,-0.0112276840955019,1.3301277160644531,0.3064359426498413,-0.00032750130048952997,12.891024589538574
154,26.92068537697196,148,vehicle.audi.tt,279.341552734375,-361.15185546875,-0.011289596557617188,1.5679060220718384,0.3658926784992218,-0.0002930927148554474,12.642109870910645
155,26.972800977528095,148,vehicle.audi.tt,279.4254455566406,-361.1334228515625,-0.011328811757266521,1.6437710523605347,0.3796912431716919,-0.00023283004702534527,12.375582695007324
156,27.01693517714739,148,vehicle.audi.tt,279.5105285644531,-361.1142883300781,-0.011447448283433914,2.1090307235717773,0.49327000975608826,-0.00018854140944313258,12.175444602966309
157,27.068001877516508,148,vehicle.audi.tt,279.62030029296875,-361.0896301269531,-0.011531180702149868,2.1766862869262695,0.5049993395805359,-0.0001425218506483361,11.968631744384766
158,27.117806375026703,148,vehicle.audi.tt,279.7411804199219,-361.0621643066406,-0.01161266304552555,2.4934351444244385,0.5782496333122253,-0.00010211944027105346,11.79518985748291
159,27.175902776420116,148,vehicle.audi.tt,279.8982238769531,-361.0267028808594,-0.011679534800350666,2.853876829147339,0.6651867032051086,-6.901740562170744e-05,11.626171112060547
160,27.219561975449324,148,vehicle.audi.tt,280.02777099609375,-360.99737548828125,-0.011716804467141628,3.0883429050445557,0.7240423560142517,-5.272865018923767e-05,11.522686004638672
161,27.273249875754118,148,vehicle.audi.tt,280.19482421875,-360.9593200683594,-0.011703223921358585,3.221444845199585,0.7606942057609558,-3.4027099900413305e-05,11.434050559997559
162,27.325288277119398,148,vehicle.audi.tt,280.3700866699219,-360.9173278808594,-0.011727065779268742,3.4674530029296875,0.8824877738952637,-2.5548933990648948e-05,11.434033393859863
163,27.381573975086212,148,vehicle.audi.tt,280.5580749511719,-360.87109375,-0.01155162788927555,2.9381375312805176,0.752549946308136,-1.4314650798041839e-05,11.515542030334473
164,27.418004974722862,148,vehicle.audi.tt,280.6471862792969,-360.84906005859375,-0.011156005784869194,2.116806983947754,0.5415099263191223,-6.723403657815652e-06,11.57889461517334
165,27.48090537637472,148,vehicle.audi.tt,280.7279968261719,-360.8291015625,-0.01039966568350792,0.593884289264679,0.1527482271194458,-0.004863758105784655,11.660353660583496
166,27.52731177583337,148,vehicle.audi.tt,280.733154296875,-360.8277587890625,-0.01006191223859787,0.00023499161761719733,0.0005000642267987132,-5.207061622058973e-05,11.665390968322754
167,27.579123977571726,148,vehicle.audi.tt,280.7380065917969,-360.8265686035156,-0.010241851210594177,0.2843753695487976,0.07216071337461472,-0.0014216422569006681,11.670096397399902
168,27.617901176214218,148,vehicle.audi.tt,280.7603759765625,-360.8208923339844,-0.010554160922765732,0.7279829382896423,0.18461118638515472,0.002814445411786437,11.690774917602539
169,27.676395777612925,148,vehicle.audi.tt,280.8183288574219,-360.8063049316406,-0.01093322690576315,1.1572412252426147,0.30474546551704407,0.00375677109695971,11.737349510192871
170,27.72440867498517,148,vehicle.audi.tt,280.8749084472656,-360.7916564941406,-0.011051254346966743,1.1708747148513794,0.30215251445770264,0.00145184516441077,11.774216651916504
171,27.77312647551298,148,vehicle.audi.tt,280.93487548828125,-360.7764892578125,-0.011107215657830238,1.1826735734939575,0.30384397506713867,0.00046312331687659025,11.80163288116455
172,27.831027776002884,148,vehicle.audi.tt,281.0089111328125,-360.7578430175781,-0.011155891232192516,1.2900643348693848,0.33072155714035034,-4.277706102584489e-05,11.820419311523438
173,27.884436074644327,148,vehicle.audi.tt,281.0873107910156,-360.73834228515625,-0.01125053409487009,1.5002362728118896,0.3840799629688263,-0.00018266677216161042,11.831964492797852
174,27.91785177588463,148,vehicle.audi.tt,281.1416015625,-360.7246398925781,-0.011311721988022327,1.689954161643982,0.4421292543411255,-0.00018795489449985325,11.835806846618652
175,27.971993274986744,148,vehicle.audi.tt,281.2455749511719,-360.69842529296875,-0.011461067013442516,1.9960477352142334,0.5249289870262146,-0.00018301962700206786,11.844015121459961
176,28.024015076458454,148,vehicle.audi.tt,281.3606262207031,-360.6687316894531,-0.011568297632038593,2.2983052730560303,0.5941916704177856,-0.0001526832493254915,11.850738525390625
177,28.071889378130436,148,vehicle.audi.tt,281.4779357910156,-360.6392517089844,-0.011629561893641949,2.5717296600341797,0.6611423492431641,-0.00011651038948912174,11.853858947753906
178,28.13302967697382,148,vehicle.audi.tt,281.64276123046875,-360.5978088378906,-0.01166404690593481,2.742401361465454,0.7052631974220276,-8.094787335721776e-05,11.863584518432617
179,28.168748576194048,148,vehicle.audi.tt,281.7488708496094,-360.5710754394531,-0.011710700578987598,3.015174150466919,0.7805845737457275,-6.53505339869298e-05,11.879515647888184
180,28.22249197587371,148,vehicle.audi.tt,281.91888427734375,-360.5279235839844,-0.011732444167137146,3.284346580505371,0.8523949384689331,-4.7016143071232364e-05,11.919858932495117
181,28.27573687583208,148,vehicle.audi.tt,282.0632019042969,-360.4912414550781,-0.011361961252987385,2.2034945487976074,0.5674158930778503,-2.552032492530998e-05,11.944433212280273
182,28.329899977892637,148,vehicle.audi.tt,282.14434814453125,-360.4704895019531,-0.010681381449103355,0.8984947800636292,0.23325030505657196,-1.9078253899351694e-05,11.912467956542969
183,28.384256575256586,148,vehicle.audi.tt,282.1565856933594,-360.46722412109375,-0.010311965830624104,0.11310170590877533,0.029032379388809204,-0.002174491761252284,11.82572078704834
184,28.420017074793577,148,vehicle.audi.tt,282.1782531738281,-360.4617004394531,-0.010452689602971077,0.8750386834144592,0.2250846028327942,0.0017832278972491622,11.814765930175781
185,28.475317176431417,148,vehicle.audi.tt,282.2409973144531,-360.4458923339844,-0.010764083825051785,1.2571346759796143,0.3263586759567261,0.0019345664186403155,11.87435245513916
186,28.527923177927732,148,vehicle.audi.tt,282.3130187988281,-360.42718505859375,-0.010991515591740608,1.4585179090499878,0.37637922167778015,0.000663275714032352,11.948579788208008
187,28.58300707489252,148,vehicle.audi.tt,282.3982849121094,-360.4058532714844,-0.011148795485496521,1.623199701309204,0.4173547327518463,0.0001355266576865688,12.03625774383545
188,28.620443377643824,148,vehicle.audi.tt,282.4602355957031,-360.39013671875,-0.011221427470445633,1.7208542823791504,0.4449394643306732,-2.5706291125970893e-05,12.096685409545898
189,28.688734974712133,148,vehicle.audi.tt,282.5916442871094,-360.35693359375,-0.011377906426787376,1.9851807355880737,0.5130184292793274,-0.0001190471593872644,12.211775779724121
190,28.71936297789216,148,vehicle.audi.tt,282.6563415527344,-360.34033203125,-0.011429481208324432,2.2013278007507324,0.5721370577812195,-0.00012032508675474674,12.262542724609375
191,28.774981275200844,148,vehicle.audi.tt,282.7901611328125,-360.3058166503906,-0.011568603105843067,2.635819435119629,0.6805324554443359,-0.00011013984476448968,12.360161781311035
192,28.827267076820135,148,vehicle.audi.tt,282.9418640136719,-360.2672119140625,-0.011736678890883923,2.96309232711792,0.7637629508972168,-8.735656592762098e-05,12.462936401367188
193,28.867358975112438,148,vehicle.audi.tt,283.0650329589844,-360.23553466796875,-0.011755561456084251,3.138871192932129,0.8118855357170105,-6.48403147351928e-05,12.538851737976074
194,28.93018987774849,148,vehicle.audi.tt,283.26611328125,-360.18316650390625,-0.011714096181094646,3.289344310760498,0.8491111397743225,-4.6939847379690036e-05,12.647356986999512
195,28.97790077701211,148,vehicle.audi.tt,283.4138488769531,-360.14752197265625,-0.011537437327206135,2.8708977699279785,0.7420571446418762,-2.949237750726752e-05,12.707701683044434
196,29.026842277497053,148,vehicle.audi.tt,283.5361022949219,-360.1203308105469,-0.011137161403894424,2.040707588195801,0.5293980836868286,-2.042770393018145e-05,12.723166465759277
197,29.081114575266838,148,vehicle.audi.tt,283.6023254394531,-360.1070556640625,-0.010478667914867401,0.612695038318634,0.12828736007213593,-0.0043701170943677425,12.652145385742188
198,29.133853875100613,148,vehicle.audi.tt,283.60711669921875,-360.1066589355469,-0.010183028876781464,0.0004345857596490532,-0.0005880626267753541,-0.0017140292329713702,12.50929069519043
199,29.168986976146698,148,vehicle.audi.tt,283.6070861816406,-360.1066589355469,-0.01016944833099842,-8.960766717791557e-05,-0.00017262094479519874,0.0010874271392822266,12.40809440612793
200,29.233439475297928,148,vehicle.audi.tt,283.615234375,-360.1044921875,-0.010555229149758816,0.32731157541275024,0.08529557287693024,-0.0008041286491788924,12.234859466552734
201,29.266563076525927,148,vehicle.audi.tt,283.6307373046875,-360.1004333496094,-0.01072162576019764,0.560084879398346,0.14513087272644043,0.0032658863347023726,12.161890029907227
202,29.317536376416683,148,vehicle.audi.tt,283.6700439453125,-360.0900573730469,-0.011111869476735592,0.8887258768081665,0.23138932883739471,-0.0011519622057676315,12.07327651977539
203,29.37805487588048,148,vehicle.audi.tt,283.73272705078125,-360.0735168457031,-0.011205253191292286,1.0342520475387573,0.26887205243110657,0.0032076644711196423,11.997426986694336
204,29.427893076092005,148,vehicle.audi.tt,283.7858581542969,-360.0594177246094,-0.011174582876265049,1.0255144834518433,0.26389169692993164,0.0010309267090633512,11.947303771972656
205,29.470929875969887,148,vehicle.audi.tt,283.83087158203125,-360.04791259765625,-0.011147231794893742,1.057482123374939,0.2694112956523895,0.00021420001576188952,11.915751457214355
206,29.54075787588954,148,vehicle.audi.tt,283.91668701171875,-360.0264892578125,-0.01124599389731884,1.3904463052749634,0.34917694330215454,-0.00024193762510549277,11.962149620056152
207,29.57162907719612,148,vehicle.audi.tt,283.9614562988281,-360.01495361328125,-0.011313171125948429,1.5478878021240234,0.4013921916484833,-0.00028089998522773385,12.008416175842285
208,29.61662347614765,148,vehicle.audi.tt,284.0320129394531,-359.99652099609375,-0.011382331140339375,1.6624205112457275,0.43300116062164307,-0.00029700278537347913,12.07858657836914
209,29.674566376954317,148,vehicle.audi.tt,284.1314697265625,-359.97015380859375,-0.011425171047449112,1.763627290725708,0.4653337895870209,-0.00023832320584915578,12.163396835327148
210,29.7273334749043,148,vehicle.audi.tt,284.2292175292969,-359.9438171386719,-0.011445999145507812,1.817771553993225,0.4759894013404846,-0.0001776838325895369,12.23619556427002
211,29.77663627639413,148,vehicle.audi.tt,284.3332214355469,-359.9163513183594,-0.011524162255227566,2.264817237854004,0.5871783494949341,-0.00013880729966331273,12.304778099060059
212,29.826555278152227,148,vehicle.audi.tt,284.4516296386719,-359.88385009765625,-0.01160377450287342,2.482163906097412,0.7088760137557983,-0.00010114669566974044,12.374244689941406
213,29.877086278051138,148,vehicle.audi.tt,284.58355712890625,-359.8462829589844,-0.011651039123535156,2.6248466968536377,0.7578381896018982,-7.22789773135446e-05,12.44254207611084
214,29.9283766746521,148,vehicle.audi.tt,284.7288513183594,-359.8049011230469,-0.011683311313390732,2.991952657699585,0.8650521636009216,-5.0950049626408145e-05,12.507474899291992
215,29.975479777902365,148,vehicle.audi.tt,284.8763122558594,-359.7630310058594,-0.01173194870352745,3.217815399169922,0.9316718578338623,-3.931999162887223e-05,12.566854476928711
216,30.033613976091146,148,vehicle.audi.tt,285.0657653808594,-359.70892333984375,-0.011690673418343067,3.230289936065674,0.933883011341095,-2.5768278646864928e-05,12.630027770996094
217,30.080991677939892,148,vehicle.audi.tt,285.1895446777344,-359.6737060546875,-0.01127094216644764,2.1455583572387695,0.6175410151481628,-1.0929107702395413e-05,12.635032653808594
218,30.122561775147915,148,vehicle.audi.tt,285.25067138671875,-359.65655517578125,-0.010692023672163486,1.0420398712158203,0.2975899577140808,-1.088142380467616e-05,12.582317352294922
219,30.18516157567501,148,vehicle.audi.tt,285.2673034667969,-359.6520080566406,-0.010213012807071209,0.00038026520633138716,0.0001865681988419965,-0.002141017932444811,12.422335624694824
220,30.220943175256252,148,vehicle.audi.tt,285.2748718261719,-359.64984130859375,-0.010251960717141628,0.45488297939300537,0.130686953663826,0.0010860537877306342,12.331690788269043
221,30.273707676678896,148,vehicle.audi.tt,285.3196105957031,-359.6369934082031,-0.010681037791073322,1.0058480501174927,0.2877669036388397,0.004288196563720703,12.240166664123535
222,30.334910977631807,148,vehicle.audi.tt,285.38970947265625,-359.6167907714844,-0.01094005536288023,1.25989830493927,0.36572352051734924,0.0013872385025024414,12.165410041809082
223,30.381337475031614,148,vehicle.audi.tt,285.4506530761719,-359.59918212890625,-0.01106948871165514,1.340152382850647,0.38976114988327026,0.0005066012963652611,12.126483917236328
224,30.41976947709918,148,vehicle.audi.tt,285.50244140625,-359.5842590332031,-0.011125869117677212,1.3266723155975342,0.3832199275493622,0.00012105464702472091,12.10209846496582
225,30.48056387528777,148,vehicle.audi.tt,285.59478759765625,-359.55816650390625,-0.011245918460190296,1.6405584812164307,0.47198861837387085,-0.0001088142380467616,12.102315902709961
226,30.524421375244856,148,vehicle.audi.tt,285.6689453125,-359.5369873046875,-0.011322136037051678,1.814379096031189,0.5243732333183289,-0.00015380859258584678,12.162944793701172
227,30.5700070746243,148,vehicle.audi.tt,285.7528076171875,-359.5128173828125,-0.011376419104635715,1.7873929738998413,0.5134328603744507,-0.00015161513874772936,12.250138282775879
228,30.621915575116873,148,vehicle.audi.tt,285.85943603515625,-359.4822692871094,-0.011465034447610378,2.198352098464966,0.6345161199569702,-0.00012218474876135588,12.360302925109863
229,30.671729777008295,148,vehicle.audi.tt,285.9722900390625,-359.4500427246094,-0.011524925008416176,2.383641242980957,0.6883836388587952,-0.0001015949237626046,12.468820571899414
230,30.720947977155447,148,vehicle.audi.tt,286.0928955078125,-359.41534423828125,-0.011568717658519745,2.522045373916626,0.7295421361923218,-7.359981100307778e-05,12.575592041015625
231,30.76809297502041,148,vehicle.audi.tt,286.2206115722656,-359.3785705566406,-0.011624107137322426,2.7622087001800537,0.798014223575592,-5.3691863286076114e-05,12.67916488647461
232,30.825287874788046,148,vehicle.audi.tt,286.39080810546875,-359.3297424316406,-0.011667708866298199,2.971932888031006,0.8586022853851318,-4.017829633085057e-05,12.805510520935059
233,30.869046576321125,148,vehicle.audi.tt,286.53314208984375,-359.288818359375,-0.011725272983312607,3.343663215637207,0.9660357236862183,-2.9649734642589465e-05,12.904057502746582
234,30.917638074606657,148,vehicle.audi.tt,286.7003479003906,-359.2408142089844,-0.011730117723345757,3.441110849380493,0.9932075142860413,-2.2068023099564016e-05,13.009340286254883
235,30.97248287498951,148,vehicle.audi.tt,286.893798828125,-359.1854248046875,-0.011652220971882343,3.3632516860961914,0.9704961180686951,-1.0986327652062755e-05,13.117127418518066
236,31.024303577840328,148,vehicle.audi.tt,287.05780029296875,-359.138427734375,-0.01136497501283884,3.0185046195983887,0.8717540502548218,-4.897117378277471e-06,13.18259048461914
237,31.068354677408934,148,vehicle.audi.tt,287.15936279296875,-359.1094055175781,-0.010880813002586365,1.8440208435058594,0.5312197208404541,-5.607604634860763e-06,13.185803413391113
238,31.11664467677474,148,vehicle.audi.tt,287.21258544921875,-359.09417724609375,-0.010308532044291496,0.5724904537200928,0.1637192815542221,-0.0028644942212849855,13.11515998840332
239,31.179233875125647,148,vehicle.audi.tt,287.21685791015625,-359.0929870605469,-0.009997596964240074,6.172246503410861e-05,-6.57811767723615e-07,-0.0011440467787906528,12.939002990722656
240,31.227376077324152,148,vehicle.audi.tt,287.2250671386719,-359.0906066894531,-0.010285530239343643,0.36828434467315674,0.10616634786128998,-0.0011317061726003885,12.804879188537598
241,31.277376174926758,148,vehicle.audi.tt,287.25421142578125,-359.0821533203125,-0.010609817691147327,0.7426798343658447,0.21489191055297852,0.0007454681326635182,12.69109058380127
242,31.326794177293777,148,vehicle.audi.tt,287.298828125,-359.0692443847656,-0.011026573367416859,0.9670970439910889,0.2782042324542999,-0.0007263755542226136,12.602914810180664
243,31.374778877943754,148,vehicle.audi.tt,287.34881591796875,-359.05474853515625,-0.01104530319571495,1.1240763664245605,0.3289980888366699,0.0029066037386655807,12.532674789428711
244,31.42296677827835,148,vehicle.audi.tt,287.4021301269531,-359.03912353515625,-0.011073760688304901,1.132210612297058,0.32819119095802307,0.0010872363345697522,12.47450065612793
245,31.47644527629018,148,vehicle.audi.tt,287.4604187011719,-359.0222473144531,-0.011080856435000896,1.132498025894165,0.32650354504585266,0.0001689243217697367,12.422534942626953
246,31.521945476531982,148,vehicle.audi.tt,287.51239013671875,-359.00726318359375,-0.011122779920697212,1.315173625946045,0.37992075085639954,-0.00016008377133402973,12.413924217224121
247,31.5724317766726,148,vehicle.audi.tt,287.5800476074219,-358.9877624511719,-0.011224173940718174,1.4499967098236084,0.42014530301094055,-0.0002546930336393416,12.468029022216797
248,31.629645876586437,148,vehicle.audi.tt,287.67254638671875,-358.9611511230469,-0.011370849795639515,1.708606481552124,0.49410587549209595,-0.00025695323711261153,12.564188003540039
249,31.67383637651801,148,vehicle.audi.tt,287.7559814453125,-358.9371337890625,-0.011476020328700542,1.985158085823059,0.5779213309288025,-0.0002100801357300952,12.646302223205566
250,31.716333378106356,148,vehicle.audi.tt,287.8447570800781,-358.9112854003906,-0.011545524001121521,2.1977224349975586,0.6438277959823608,-0.00018322943651583046,12.726120948791504
251,31.775658775120974,148,vehicle.audi.tt,287.9842224121094,-358.87060546875,-0.01163486484438181,2.545715093612671,0.7361330389976501,-0.00012282370880711824,12.839522361755371
252,31.82129357755184,148,vehicle.audi.tt,288.1058654785156,-358.83514404296875,-0.011700553819537163,2.7582125663757324,0.8007870316505432,-9.92870336631313e-05,12.929183959960938
253,31.87591327726841,148,vehicle.audi.tt,288.2637634277344,-358.7892150878906,-0.011726303026080132,3.021892547607422,0.8716931939125061,-6.656169716734439e-05,13.03343677520752
254,31.929293677210808,148,vehicle.audi.tt,288.4273986816406,-358.7420959472656,-0.011710090562701225,3.1092593669891357,0.8955926895141602,-4.482269287109375e-05,13.128561973571777
255,31.971265275031328,148,vehicle.audi.tt,288.53472900390625,-358.7111511230469,-0.011390304192900658,2.191331386566162,0.6308148503303528,-3.0450819394900464e-05,13.169172286987305
256,32.01770857721567,148,vehicle.audi.tt,288.60321044921875,-358.69171142578125,-0.010777129791676998,0.95746910572052,0.27374017238616943,-2.32887268794002e-05,13.148715019226074
257,32.06737877801061,148,vehicle.audi.tt,288.61767578125,-358.6877136230469,-0.010342827066779137,0.0010857773013412952,9.973823762265965e-05,-0.0002778768539428711,13.05123233795166
258,32.12537767738104,148,vehicle.audi.tt,288.6175842285156,-358.6877136230469,-0.010298117995262146,-0.00011360162898199633,-4.9080565077019855e-05,-0.0005669498350471258,12.903726577758789
259,32.170156978070736,148,vehicle.audi.tt,288.6326904296875,-358.6830139160156,-0.01056667324155569,0.5413922071456909,0.17304296791553497,-0.0023855590261518955,12.79982852935791
260,32.21940737590194,148,vehicle.audi.tt,288.66900634765625,-358.6715393066406,-0.01092761941254139,0.8580900430679321,0.27362456917762756,0.001168165123090148,12.707660675048828
261,32.27762807533145,148,vehicle.audi.tt,288.7278137207031,-358.6533203125,-0.011084327474236488,0.9803778529167175,0.3126262128353119,0.002575473627075553,12.623308181762695
262,32.324593774974346,148,vehicle.audi.tt,288.7792663574219,-358.6369323730469,-0.01113689411431551,1.150460124015808,0.3714529573917389,0.000885763147380203,12.567856788635254
263,32.375491976737976,148,vehicle.audi.tt,288.83709716796875,-358.6189270019531,-0.01116260513663292,1.1623834371566772,0.37592047452926636,0.00015161513874772936,12.519254684448242
264,32.42873527482152,148,vehicle.audi.tt,288.8984375,-358.59918212890625,-0.011178817600011826,1.1389704942703247,0.3718549609184265,-0.00015774727216921747,12.480116844177246
265,32.48371337726712,148,vehicle.audi.tt,288.97271728515625,-358.57568359375,-0.011271743103861809,1.49880850315094,0.48212841153144836,-0.00023493765911553055,12.478859901428223
266,32.517781775444746,148,vehicle.audi.tt,289.0241394042969,-358.55975341796875,-0.01132915448397398,1.5680967569351196,0.5019909143447876,-0.0002172279346268624,12.520429611206055
267,32.57559487596154,148,vehicle.audi.tt,289.1259765625,-358.528076171875,-0.011463966220617294,1.9414805173873901,0.6256834268569946,-0.00019438743765931576,12.627020835876465
268,32.62145617604256,148,vehicle.audi.tt,289.2202453613281,-358.49810791015625,-0.011559028178453445,2.1905465126037598,0.7074978947639465,-0.00015786170843057334,12.722225189208984
269,32.67192577570677,148,vehicle.audi.tt,289.331787109375,-358.4623718261719,-0.011593131348490715,2.318647623062134,0.7473011612892151,-0.0001148414594354108,12.824219703674316
270,32.734960574656725,148,vehicle.audi.tt,289.47918701171875,-358.4158020019531,-0.011567420326173306,2.308460235595703,0.7442185878753662,-7.623671990586445e-05,12.94373607635498
271,32.76860937476158,148,vehicle.audi.tt,289.5638732910156,-358.388671875,-0.01158138271421194,2.6100804805755615,0.8438374400138855,-5.779266211902723e-05,13.005690574645996
272,32.81981957703829,148,vehicle.audi.tt,289.7125549316406,-358.3410949707031,-0.01170505490154028,2.954817533493042,0.9548658728599548,-4.4546126446221024e-05,13.108444213867188
273,32.868318777531385,148,vehicle.audi.tt,289.86846923828125,-358.2913513183594,-0.011789245530962944,3.416781425476074,1.1016954183578491,-3.2315252610715106e-05,13.207785606384277
274,32.92131907492876,148,vehicle.audi.tt,290.0516052246094,-358.23455810546875,-0.011772232130169868,3.2138960361480713,1.030747413635254,-2.292632962053176e-05,13.313701629638672
275,32.97627817466855,148,vehicle.audi.tt,290.1885986328125,-358.19427490234375,-0.011157188564538956,1.8993773460388184,0.6027783155441284,-9.512900760455523e-06,13.349745750427246
276,33.02828207612038,148,vehicle.audi.tt,290.2469482421875,-358.1783752441406,-0.010478172451257706,0.5490358471870422,0.153460294008255,-0.00306515209376812,13.292594909667969
277,33.07904267683625,148,vehicle.audi.tt,290.25164794921875,-358.1773681640625,-0.010134009644389153,0.00041318772127851844,-0.0003241679514758289,-0.0016648101154714823,13.16665267944336
278,33.130049377679825,148,vehicle.audi.tt,290.2625427246094,-358.1738586425781,-0.010300636291503906,0.4739559590816498,0.15175935626029968,-0.0005543088773265481,13.037760734558105
279,33.17203947529197,148,vehicle.audi.tt,290.2926940917969,-358.16412353515625,-0.010674552991986275,0.8610731959342957,0.2773471474647522,4.651069684769027e-05,12.95386791229248
280,33.22384937480092,148,vehicle.audi.tt,290.3450622558594,-358.1473693847656,-0.010907744988799095,1.0426613092422485,0.33043232560157776,0.0027019691187888384,12.871670722961426
281,33.27220247685909,148,vehicle.audi.tt,290.39764404296875,-358.130615234375,-0.011013183742761612,1.1546154022216797,0.37281516194343567,0.0010131978197023273,12.806815147399902
282,33.326828476041555,148,vehicle.audi.tt,290.4646301269531,-358.1095275878906,-0.011118965223431587,1.2026687860488892,0.3858334720134735,0.0002146339393220842,12.75178050994873
283,33.374330677092075,148,vehicle.audi.tt,290.5309753417969,-358.0881042480469,-0.01122997235506773,1.4821561574935913,0.4776090979576111,-6.474018300650641e-05,12.72194766998291
284,33.4239942766726,148,vehicle.audi.tt,290.6094665527344,-358.06280517578125,-0.011321868747472763,1.598775863647461,0.5169886350631714,-0.00016366480849683285,12.709920883178711
285,33.47692437469959,148,vehicle.audi.tt,290.70556640625,-358.0319519042969,-0.011426162905991077,1.8802708387374878,0.6058878302574158,-0.00017651557573117316,12.737218856811523
286,33.5250607766211,148,vehicle.audi.tt,290.8003845214844,-358.00140380859375,-0.011481589637696743,2.035266876220703,0.6590526700019836,-0.0001460409112041816,12.825220108032227
287,33.573291875422,148,vehicle.audi.tt,290.90673828125,-357.966796875,-0.011544303968548775,2.2220876216888428,0.7195129990577698,-0.00012351512850727886,12.93694019317627
288,33.63282127678394,148,vehicle.audi.tt,291.0509948730469,-357.9205322265625,-0.011586303822696209,2.545283317565918,0.8201777338981628,-8.805274410406128e-05,13.085710525512695
289,33.6665314771235,148,vehicle.audi.tt,291.13824462890625,-357.8922424316406,-0.011607170104980469,2.6748781204223633,0.865021824836731,-6.703853432554752e-05,13.170702934265137
290,33.718140076845884,148,vehicle.audi.tt,291.2865295410156,-357.8444519042969,-0.011677016504108906,2.979966402053833,0.9627962112426758,-5.137920379638672e-05,13.306169509887695
291,33.76899007707834,148,vehicle.audi.tt,291.43670654296875,-357.7980041503906,-0.011624259874224663,2.867654323577881,0.9450236558914185,-3.631591607700102e-05,13.43169116973877
292,33.82966947555542,148,vehicle.audi.tt,291.5917663574219,-357.7525634765625,-0.0112998578697443,2.2907729148864746,0.7457515001296997,-2.2120475478004664e-05,13.537393569946289
293,33.87917357683182,148,vehicle.audi.tt,291.6775817871094,-357.7269592285156,-0.010824928060173988,1.2238675355911255,0.3974232077598572,-1.7080306861316785e-05,13.567294120788574
294,33.93095837533474,148,vehicle.audi.tt,291.70281982421875,-357.720458984375,-0.010341835208237171,0.008949794806540012,-0.002475099405273795,-0.002787427743896842,13.515700340270996
295,33.97155707702041,148,vehicle.audi.tt,291.7050476074219,-357.7197570800781,-0.010274314321577549,0.24739651381969452,0.07994246482849121,-0.0009546136716380715,13.445722579956055
296,34.01958737522364,148,vehicle.audi.tt,291.7362976074219,-357.70941162109375,-0.010603408329188824,0.9269104599952698,0.30206209421157837,-0.0003993034188169986,13.379236221313477
297,34.068280678242445,148,vehicle.audi.tt,291.7912902832031,-357.6911315917969,-0.010914687998592854,1.229419231414795,0.3997346758842468,0.002486047800630331,13.321331024169922
298,34.139003574848175,148,vehicle.audi.tt,291.8770446777344,-357.66259765625,-0.011078910902142525,1.3040460348129272,0.42132508754730225,0.0006089115049690008,13.22225570678711
299,34.17683917656541,148,vehicle.audi.tt,291.9267272949219,-357.6463928222656,-0.011132240295410156,1.313488483428955,0.4133458137512207,0.00019750594219658524,13.168806076049805
300,34.218488577753305,148,vehicle.audi.tt,291.9818420410156,-357.6287841796875,-0.011157074011862278,1.3305004835128784,0.4187328517436981,-2.8162001399323344e-05,13.11130142211914
301,34.27775597572327,148,vehicle.audi.tt,292.0694885253906,-357.60009765625,-0.011248588562011719,1.5318717956542969,0.49034199118614197,-0.00013650894106831402,13.046479225158691
302,34.32089897617698,148,vehicle.audi.tt,292.1422424316406,-357.5764465332031,-0.011336669325828552,1.781694769859314,0.5750922560691833,-0.00014083385758567601,13.015791893005371
303,34.37019917741418,148,vehicle.audi.tt,292.23876953125,-357.54437255859375,-0.011476974003016949,2.2344887256622314,0.7270238995552063,-0.00012442111619748175,13.00349235534668
304,34.42688857764006,148,vehicle.audi.tt,292.3677062988281,-357.5016784667969,-0.011586112901568413,2.26493501663208,0.7346940636634827,-0.00010074615420307964,13.019801139831543
305,34.47359737753868,148,vehicle.audi.tt,292.4880676269531,-357.46221923828125,-0.011677856557071209,2.764434337615967,0.8933157920837402,-7.657527748961002e-05,13.057438850402832
306,34.52146987617016,148,vehicle.audi.tt,292.6236877441406,-357.4177551269531,-0.011727294884622097,2.937483787536621,0.9486324191093445,-5.681037873728201e-05,13.130568504333496
307,34.577887278050184,148,vehicle.audi.tt,292.7933349609375,-357.3617858886719,-0.011724548414349556,3.075185537338257,0.995817244052887,-4.155158967478201e-05,13.294597625732422
308,34.63127037510276,148,vehicle.audi.tt,292.9633483886719,-357.30609130859375,-0.01169864647090435,3.3138372898101807,1.0682822465896606,-2.786636287055444e-05,13.4714937210083
309,34.67634757608175,148,vehicle.audi.tt,293.1042785644531,-357.25885009765625,-0.01156009640544653,2.895207643508911,0.9965192675590515,-1.9550323486328125e-05,13.610662460327148
310,34.71731807664037,148,vehicle.audi.tt,293.1967468261719,-357.22698974609375,-0.011104201897978783,1.8169618844985962,0.6347498297691345,-9.241103725798894e-06,13.69115924835205
311,34.772486977279186,148,vehicle.audi.tt,293.2502746582031,-357.20843505859375,-0.01044464111328125,0.39535170793533325,0.13835987448692322,-0.005162667948752642,13.71140193939209
312,34.817030776292086,148,vehicle.audi.tt,293.2525634765625,-357.2076721191406,-0.010151100344955921,0.00017579447012394667,0.00033751389128156006,-0.003678884357213974,13.673689842224121
313,34.88055957481265,148,vehicle.audi.tt,293.2539978027344,-357.2071838378906,-0.010263252072036266,0.14442823827266693,0.05084387585520744,0.0004651784838642925,13.599050521850586
314,34.92932787537575,148,vehicle.audi.tt,293.2735900878906,-357.20013427734375,-0.010689353570342064,0.5416999459266663,0.1950293928384781,-0.000850086216814816,13.545709609985352
315,34.98157537728548,148,vehicle.audi.tt,293.3117370605469,-357.1865539550781,-0.010984000749886036,0.8473356366157532,0.3030872941017151,0.0003055095730815083,13.490476608276367
316,35.02564437687397,148,vehicle.audi.tt,293.3545227050781,-357.1712341308594,-0.011157416738569736,1.0392963886260986,0.3763163983821869,-0.001158590312115848,13.442635536193848
317,35.07612147554755,148,vehicle.audi.tt,293.4120178222656,-357.15093994140625,-0.011199607513844967,1.1927649974822998,0.4280831515789032,0.0017897557700052857,13.381362915039062
318,35.12479967623949,148,vehicle.audi.tt,293.4720458984375,-357.12945556640625,-0.011223869398236275,1.224472165107727,0.43914565443992615,0.0005152893136255443,13.314499855041504
319,35.18011997640133,148,vehicle.audi.tt,293.54052734375,-357.1051940917969,-0.011220550164580345,1.2822352647781372,0.4645636975765228,-8.92305324668996e-05,13.234081268310547
320,35.2329269759357,148,vehicle.audi.tt,293.6138916015625,-357.07916259765625,-0.011274070478975773,1.3815690279006958,0.4958972930908203,-0.00026235103723593056,13.169211387634277
321,35.26732037588954,148,vehicle.audi.tt,293.6631164550781,-357.06170654296875,-0.011281432583928108,1.3873666524887085,0.49895715713500977,-0.00028120039496570826,13.132948875427246
322,35.31999917700887,148,vehicle.audi.tt,293.73956298828125,-357.03466796875,-0.011277275159955025,1.4551175832748413,0.5228953957557678,-0.00025250433827750385,13.086621284484863
323,35.366937678307295,148,vehicle.audi.tt,293.8125305175781,-357.0087890625,-0.011308020912110806,1.6798604726791382,0.6057697534561157,-0.00020965575822629035,13.059288024902344
324,35.42935547605157,148,vehicle.audi.tt,293.93023681640625,-356.96697998046875,-0.011469191871583462,1.9952067136764526,0.7161846160888672,-0.00014523029676638544,13.061858177185059
325,35.479540675878525,148,vehicle.audi.tt,294.0408020019531,-356.9272155761719,-0.011571960523724556,2.2793538570404053,0.8201000690460205,-0.00010983466927427799,13.117683410644531
326,35.522938176989555,148,vehicle.audi.tt,294.14459228515625,-356.8902282714844,-0.011614799499511719,2.488260507583618,0.8945192694664001,-8.071422053035349e-05,13.219632148742676
327,35.5855600759387,148,vehicle.audi.tt,294.3118591308594,-356.8306579589844,-0.011673392727971077,2.792454719543457,1.003428339958191,-5.6085584219545126e-05,13.396880149841309
328,35.62415557727218,148,vehicle.audi.tt,294.42645263671875,-356.78936767578125,-0.011734886094927788,3.0253686904907227,1.0883562564849854,-4.4345855712890625e-05,13.512877464294434
329,35.674268174916506,148,vehicle.audi.tt,294.5811767578125,-356.7327575683594,-0.011711997911334038,3.0272679328918457,1.0790506601333618,-2.8171538360766135e-05,13.660626411437988
330,35.73241727799177,148,vehicle.audi.tt,294.7326965332031,-356.67669677734375,-0.011317595839500427,2.1465096473693848,0.7448849081993103,-1.7681120880297385e-05,13.787137985229492
331,35.76962607726455,148,vehicle.audi.tt,294.7901611328125,-356.6561279296875,-0.010838889516890049,1.1714013814926147,0.4146796762943268,-1.1248588634771295e-05,13.816855430603027
332,35.827174976468086,148,vehicle.audi.tt,294.81170654296875,-356.64801025390625,-0.010291365906596184,0.0006952327094040811,0.0006189678679220378,-0.002486906014382839,13.77636432647705
333,35.87638747692108,148,vehicle.audi.tt,294.8287353515625,-356.6419372558594,-0.010376624763011932,0.7420405149459839,0.2658035457134247,0.0014050673926249146,13.724833488464355
334,35.92130767554045,148,vehicle.audi.tt,294.8769226074219,-356.6248779296875,-0.010746268555521965,1.190348744392395,0.42933204770088196,0.003028078004717827,13.699904441833496
335,35.967087876051664,148,vehicle.audi.tt,294.9383239746094,-356.60296630859375,-0.01098709087818861,1.4181016683578491,0.5074973106384277,0.0012564706848934293,13.674671173095703
336,36.03297087550163,148,vehicle.audi.tt,295.0422668457031,-356.5661926269531,-0.011201629415154457,1.6422555446624756,0.5928347110748291,0.00027280807262286544,13.634247779846191
337,36.07359727472067,148,vehicle.audi.tt,295.1133117675781,-356.5410461425781,-0.0112970732152462,1.8425785303115845,0.6659827828407288,2.1858215404790826e-05,13.603490829467773
338,36.11842427775264,148,vehicle.audi.tt,295.2023010253906,-356.5091247558594,-0.011412009596824646,2.040472984313965,0.7341328263282776,-9.438991401111707e-05,13.569128036499023
339,36.18432987481356,148,vehicle.audi.tt,295.3461608886719,-356.4581604003906,-0.011495628394186497,2.2796688079833984,0.8209465742111206,-0.00013339042197912931,13.519536972045898
340,36.22583407536149,148,vehicle.audi.tt,295.4459228515625,-356.42291259765625,-0.011546897701919079,2.5342161655426025,0.912928581237793,-0.00011688708764268085,13.497405052185059
341,36.26949117705226,148,vehicle.audi.tt,295.55657958984375,-356.38330078125,-0.011562766507267952,2.505028486251831,0.9041363596916199,-9.976863657357171e-05,13.4846830368042
342,36.3272477760911,148,vehicle.audi.tt,295.7194519042969,-356.3253173828125,-0.011649474501609802,3.0278337001800537,1.0933918952941895,-7.65991208027117e-05,13.49521255493164
343,36.3716384768486,148,vehicle.audi.tt,295.85565185546875,-356.2767639160156,-0.011680221185088158,3.1267309188842773,1.128258466720581,-5.634784611174837e-05,13.523530960083008
344,36.42726197466254,148,vehicle.audi.tt,296.0348815917969,-356.2125549316406,-0.01167301181703806,3.333124876022339,1.205276370048523,-3.9405822462867945e-05,13.579326629638672
345,36.4711254760623,148,vehicle.audi.tt,296.1714782714844,-356.16522216796875,-0.011526908725500107,2.8922009468078613,1.0407625436782837,-2.8080939955543727e-05,13.626649856567383
346,36.529927376657724,148,vehicle.audi.tt,296.3053283691406,-356.1225280761719,-0.010919074527919292,1.644297480583191,0.5864132642745972,-1.8043518139165826e-05,13.668709754943848
347,36.56920637562871,148,vehicle.audi.tt,296.3491516113281,-356.1092834472656,-0.010420646518468857,0.7351363301277161,0.24152244627475739,-2.136230432370212e-05,13.695412635803223
348,36.62237797677517,148,vehicle.audi.tt,296.3578796386719,-356.1072998046875,-0.010152358561754227,0.0005300015327520669,-0.0004848148091696203,-0.003023862838745117,13.704415321350098
349,36.670706275850534,148,vehicle.audi.tt,296.3653564453125,-356.1046142578125,-0.010343475267291069,0.412448525428772,0.14864662289619446,-0.0011789989657700062,13.712244987487793
350,36.72934677824378,148,vehicle.audi.tt,296.410888671875,-356.0880432128906,-0.010805930942296982,1.0601664781570435,0.3823549449443817,0.0016896724700927734,13.753087043762207
351,36.7774015776813,148,vehicle.audi.tt,296.4626770019531,-356.0692138671875,-0.010939139872789383,1.1095572710037231,0.39896005392074585,0.0027813720516860485,13.790993690490723
352,36.8207198753953,148,vehicle.audi.tt,296.5100402832031,-356.05194091796875,-0.011001663282513618,1.1043633222579956,0.3989371359348297,0.0010747575433924794,13.816387176513672
353,36.88616047799587,148,vehicle.audi.tt,296.59521484375,-356.0209045410156,-0.011149444617331028,1.3049061298370361,0.47149917483329773,9.122848132392392e-05,13.852203369140625
354,36.92335647717118,148,vehicle.audi.tt,296.65313720703125,-356.00018310546875,-0.011268806643784046,1.6747089624404907,0.5871235132217407,-0.00012602805509231985,13.87282657623291
355,36.975788574665785,148,vehicle.audi.tt,296.7467346191406,-355.966796875,-0.01141277328133583,1.9229360818862915,0.6929214596748352,-0.00021425723389256746,13.900323867797852
356,37.031177178025246,148,vehicle.audi.tt,296.8553771972656,-355.9271545410156,-0.011470871046185493,1.9564825296401978,0.7065566778182983,-0.00022449492826126516,13.922534942626953
357,37.06682347506285,148,vehicle.audi.tt,296.93255615234375,-355.8990783691406,-0.0115259550511837,2.2519192695617676,0.811091959476471,-0.00019766806508414447,13.934990882873535
358,37.12619287520647,148,vehicle.audi.tt,297.07275390625,-355.8488464355469,-0.011580809950828552,2.3848748207092285,0.8579461574554443,-0.00014287947851698846,13.951050758361816
359,37.183691177517176,148,vehicle.audi.tt,297.22113037109375,-355.79547119140625,-0.011607741937041283,2.703159809112549,0.9741865396499634,-0.00010819434828590602,13.958398818969727
360,37.22437937557697,148,vehicle.audi.tt,297.3376770019531,-355.75146484375,-0.01168140396475792,2.9924373626708984,1.1755858659744263,-8.515834633726627e-05,13.964320182800293
361,37.26914877817035,148,vehicle.audi.tt,297.47479248046875,-355.6973876953125,-0.011727256700396538,3.1744236946105957,1.2784000635147095,-6.306171417236328e-05,13.969612121582031
362,37.332495376467705,148,vehicle.audi.tt,297.67706298828125,-355.6180725097656,-0.011657103896141052,3.0125694274902344,1.2078474760055542,-4.1294097172794864e-05,13.966011047363281
363,37.371605675667524,148,vehicle.audi.tt,297.77490234375,-355.5795593261719,-0.01128131803125143,2.127682685852051,0.8535293936729431,-2.8352736990200356e-05,13.923768997192383
364,37.42656447738409,148,vehicle.audi.tt,297.8466796875,-355.55108642578125,-0.010529747232794762,0.7233865261077881,0.2901867628097534,-0.0017458867514505982,13.781943321228027
365,37.472860276699066,148,vehicle.audi.tt,297.85498046875,-355.54779052734375,-0.010229606181383133,0.0005023378180339932,0.0007362149772234261,-0.0026777456514537334,13.600271224975586
366,37.51721227541566,148,vehicle.audi.tt,297.8669128417969,-355.54315185546875,-0.0103551484644413,0.5983983874320984,0.23750431835651398,0.0020831727888435125,13.430794715881348
367,37.57764007523656,148,vehicle.audi.tt,297.9275207519531,-355.5195617675781,-0.01076251920312643,1.0663868188858032,0.4137347936630249,0.0032361983321607113,13.254952430725098
368,37.62143097817898,148,vehicle.audi.tt,297.97869873046875,-355.4997863769531,-0.010903663001954556,1.2088329792022705,0.48017650842666626,0.0013456487795338035,13.144025802612305
369,37.675253577530384,148,vehicle.audi.tt,298.04913330078125,-355.47174072265625,-0.011074180714786053,1.4570722579956055,0.5808740258216858,0.0003718852822203189,13.027499198913574
370,37.71892937645316,148,vehicle.audi.tt,298.1127014160156,-355.4464416503906,-0.011168059892952442,1.5266964435577393,0.6081505417823792,1.670360506977886e-05,12.949274063110352
371,37.777426075190306,148,vehicle.audi.tt,298.2100830078125,-355.407958984375,-0.011303787119686604,1.7868261337280273,0.7107387185096741,-0.00015051841910462826,12.871109962463379
372,37.81953537464142,148,vehicle.audi.tt,298.28662109375,-355.377685546875,-0.01136650051921606,1.8154124021530151,0.722295880317688,-0.0001635265361983329,12.831125259399414
373,37.87604267522693,148,vehicle.audi.tt,298.4090881347656,-355.3291320800781,-0.01152671780437231,2.2198872566223145,0.893835186958313,-0.00015851019998081028,12.81081485748291
374,37.91920827701688,148,vehicle.audi.tt,298.5158996582031,-355.2867431640625,-0.011630134657025337,2.5267748832702637,1.0050591230392456,-0.00012604235962498933,12.818819999694824
375,37.9740936756134,148,vehicle.audi.tt,298.6710510253906,-355.22607421875,-0.011758727952837944,2.9849061965942383,1.1864967346191406,-0.00010175704665016383,12.860793113708496
376,38.0187256783247,148,vehicle.audi.tt,298.81085205078125,-355.1705322265625,-0.011817588470876217,3.081509590148926,1.2321494817733765,-7.667541649425402e-05,12.919140815734863
377,38.07471927627921,148,vehicle.audi.tt,298.9641418457031,-355.1075439453125,-0.011472625657916069,2.267334461212158,0.8883044123649597,-4.7483441449003294e-05,12.990687370300293
378,38.11875907704234,148,vehicle.audi.tt,299.03680419921875,-355.07733154296875,-0.010902862064540386,1.2373126745224,0.4948548674583435,-3.419399217818864e-05,13.044694900512695
379,38.17065537720919,148,vehicle.audi.tt,299.0610046386719,-355.066162109375,-0.010390586219727993,0.004702033940702677,0.00696873664855957,-0.0032449529971927404,13.071269035339355
380,38.2243728749454,148,vehicle.audi.tt,299.078125,-355.05987548828125,-0.010470466688275337,0.6829878687858582,0.2669268250465393,-0.0021637629251927137,13.089394569396973
381,38.268054477870464,148,vehicle.audi.tt,299.1217956542969,-355.0430908203125,-0.010765456594526768,1.161631464958191,0.4512004256248474,0.004561557900160551,13.13084888458252
382,38.32895027473569,148,vehicle.audi.tt,299.1955261230469,-355.014404296875,-0.005142593290656805,1.3190737962722778,0.5684097409248352,0.05285515636205673,13.18850040435791
383,38.37781887501478,148,vehicle.audi.tt,299.2658386230469,-354.9859313964844,-0.002112007001414895,1.5970407724380493,0.6552667021751404,0.03876035660505295,13.23495864868164
384,38.42362927645445,148,vehicle.audi.tt,299.3402404785156,-354.9569396972656,-8.071899355854839e-05,1.733357548713684,0.705138087272644,0.027401098981499672,13.276069641113281
385,38.486377377063036,148,vehicle.audi.tt,299.46014404296875,-354.9090576171875,0.001812477014027536,1.9568287134170532,0.8022674322128296,0.01810401864349842,13.333768844604492
386,38.52526447549462,148,vehicle.audi.tt,299.5412902832031,-354.8765869140625,0.002625694265589118,2.1383752822875977,0.8663930892944336,0.013610010035336018,13.366165161132812
387,38.567358177155256,148,vehicle.audi.tt,299.6346435546875,-354.839599609375,0.0033084868919104338,2.2479145526885986,0.908345639705658,0.009458164684474468,13.396923065185547
388,38.64139577746391,148,vehicle.audi.tt,299.82342529296875,-354.76513671875,0.004060325678437948,2.6924502849578857,1.0842260122299194,0.005793084856122732,13.451292991638184
389,38.67923237755895,148,vehicle.audi.tt,299.9254455566406,-354.7245178222656,0.00436416594311595,2.710336446762085,1.0879994630813599,0.004345502704381943,13.473461151123047
390,38.722607776522636,148,vehicle.audi.tt,300.0509948730469,-354.67449951171875,0.004580154549330473,3.0312349796295166,1.2085704803466797,0.0030252551659941673,13.49710750579834
391,38.78321307525039,148,vehicle.audi.tt,300.24139404296875,-354.5994873046875,0.004810371436178684,3.206864833831787,1.2771971225738525,0.0020127773750573397,13.526827812194824
392,38.822204776108265,148,vehicle.audi.tt,300.3776550292969,-354.5457763671875,0.004860229324549437,3.620551347732544,1.4420267343521118,0.0015679930802434683,13.553238868713379
393,38.86651647463441,148,vehicle.audi.tt,300.5439758300781,-354.4795227050781,0.004908752162009478,3.773163318634033,1.5049614906311035,0.0010796737624332309,13.594938278198242
394,38.92188347503543,148,vehicle.audi.tt,300.7680358886719,-354.3907470703125,0.004958381410688162,4.177205562591553,1.6645838022232056,0.0007533454918302596,13.669736862182617
395,38.966617576777935,148,vehicle.audi.tt,300.96356201171875,-354.30950927734375,-0.006962470710277557,4.3726630210876465,1.6823359727859497,-0.11442239582538605,13.754371643066406
396,39.02328387647867,148,vehicle.audi.tt,301.22650146484375,-354.20672607421875,-0.012501906603574753,4.710838317871094,1.8343862295150757,-0.041060905903577805,13.886666297912598
397,39.069588378071785,148,vehicle.audi.tt,301.45562744140625,-354.1171875,-0.013861007057130337,5.021667957305908,1.9855369329452515,-0.012489800341427326,14.019558906555176
398,39.12878407537937,148,vehicle.audi.tt,301.76776123046875,-353.98870849609375,-0.014080200344324112,5.32615852355957,2.2921433448791504,0.0013016890734434128,14.223470687866211
399,39.168732076883316,148,vehicle.audi.tt,301.98797607421875,-353.8943786621094,-0.013861465267837048,5.572253704071045,2.4729888439178467,0.0046482086181640625,14.3756742477417
400,39.22559977695346,148,vehicle.audi.tt,302.3101501464844,-353.75445556640625,-0.01337230671197176,5.746565818786621,2.5693259239196777,0.00526598934084177,14.60013484954834
401,39.28370387479663,148,vehicle.audi.tt,302.6553955078125,-353.6040954589844,-0.01293258648365736,6.0094218254089355,2.668606758117676,0.004850864410400391,14.837512016296387
402,39.32073027640581,148,vehicle.audi.tt,302.8782043457031,-353.506591796875,-0.012650717981159687,6.030313014984131,2.687730073928833,0.004073381423950195,14.985058784484863
403,39.37697487697005,148,vehicle.audi.tt,303.2168273925781,-353.35791015625,-0.012256049551069736,5.985531330108643,2.6656365394592285,0.002988753141835332,15.195074081420898
404,39.42340127751231,148,vehicle.audi.tt,303.49957275390625,-353.2338562011719,-0.01203388161957264,6.267539024353027,2.7685112953186035,0.0023049162700772285,15.358449935913086
405,39.46751617640257,148,vehicle.audi.tt,303.7916259765625,-353.1059265136719,-0.012081450782716274,6.827833652496338,3.0078039169311523,0.0016857099253684282,15.527745246887207
406,39.53327877819538,148,vehicle.audi.tt,304.26715087890625,-352.8975830078125,-0.01222099270671606,7.487990379333496,3.2940304279327393,0.0011257361620664597,15.803824424743652
407,39.575197875499725,148,vehicle.audi.tt,304.5892639160156,-352.7563171386719,-0.012254027649760246,7.8101372718811035,3.4303297996520996,0.0008169746142812073,15.988509178161621
408,39.62045597657561,148,vehicle.audi.tt,304.9510498046875,-352.59771728515625,-0.012244872748851776,8.106548309326172,3.558250904083252,0.0005995559622533619,16.19211196899414
409,39.67865287512541,148,vehicle.audi.tt,305.4325866699219,-352.3868408203125,-0.01216888427734375,8.366825103759766,3.662909984588623,0.0004060077480971813,16.455495834350586
410,39.7212424762547,148,vehicle.audi.tt,305.7901916503906,-352.2303466796875,-0.012046241201460361,8.404130935668945,3.6761398315429688,0.00028494835714809597,16.642366409301758
411,39.77650237828493,148,vehicle.audi.tt,306.2509460449219,-352.02899169921875,-0.011799735948443413,8.278653144836426,3.6161036491394043,0.00020414352184161544,16.866668701171875
412,39.82054137811065,148,vehicle.audi.tt,306.6086730957031,-351.8699035644531,-0.011566353030502796,8.002914428710938,3.651738166809082,0.00014631748490501195,17.024696350097656
413,39.8762707747519,148,vehicle.audi.tt,307.0438232421875,-351.66888427734375,-0.011271667666733265,7.644810676574707,3.640698194503784,0.00010284423478879035,17.19989013671875
414,39.91845627501607,148,vehicle.audi.tt,307.36090087890625,-351.519287109375,-0.011088142171502113,7.396270751953125,3.5729823112487793,7.16638533049263e-05,17.316205978393555
415,39.97629997506738,148,vehicle.audi.tt,307.7785339355469,-351.3200378417969,-0.010887526907026768,7.077294826507568,3.4512643814086914,4.8160552978515625e-05,17.439638137817383
416,40.02017557621002,148,vehicle.audi.tt,308.08544921875,-351.1719055175781,-0.010807647369801998,6.9155144691467285,3.4012997150421143,3.457546335994266e-05,17.51437759399414
417,40.075721476227045,148,vehicle.audi.tt,308.4653015136719,-350.9881286621094,-0.010768355801701546,6.761834144592285,3.31024432182312,2.213478001067415e-05,17.58755874633789
418,40.11872327700257,148,vehicle.audi.tt,308.7541198730469,-350.8480529785156,-0.010769805870950222,6.668637752532959,3.2688839435577393,1.9602775864768773e-05,17.630353927612305
419,40.173120975494385,148,vehicle.audi.tt,309.1155090332031,-350.67218017578125,-0.010808868333697319,6.616170883178711,3.245307445526123,1.0156631105928682e-05,17.666372299194336
420,40.217235777527094,148,vehicle.audi.tt,309.40789794921875,-350.5296325683594,-0.010866431519389153,6.6314849853515625,3.2423908710479736,6.928443781362148e-06,17.685211181640625
421,40.273352075368166,148,vehicle.audi.tt,309.7859191894531,-350.34564208984375,-0.010998496785759926,6.777096271514893,3.3081140518188477,6.370544269884704e-06,17.69623374938965
422,40.32601157575846,148,vehicle.audi.tt,310.14532470703125,-350.1669921875,-0.01111598964780569,6.879585266113281,3.513556718826294,4.94956975671812e-06,17.693262100219727
423,40.37021277472377,148,vehicle.audi.tt,310.45257568359375,-350.0103454589844,-0.01121673546731472,6.9731268882751465,3.6166059970855713,2.7561186470848043e-06,17.685333251953125
424,40.428836178034544,148,vehicle.audi.tt,310.86859130859375,-349.795654296875,-0.011330832727253437,7.176416873931885,3.778221845626831,-1.749992293298419e-06,17.669864654541016
425,40.489442978054285,148,vehicle.audi.tt,311.3138122558594,-349.5625,-0.011457519605755806,7.4120635986328125,3.95528244972229,-1.4591216768167214e-06,17.653629302978516
426,40.526373475790024,148,vehicle.audi.tt,311.5914306640625,-349.4161376953125,-0.011506271548569202,7.541440486907959,4.022942543029785,-1.2111663636460435e-06,17.644500732421875
427,40.56819677725434,148,vehicle.audi.tt,311.9106750488281,-349.2472839355469,-0.01153518632054329,7.652609825134277,4.08842658996582,-1.306533818024036e-06,17.637746810913086
